League,teamHome,teamAway,matchDate,location,stage,Scor
Liga 1,Sportul Studentesc,Otelul Galati,2010-07-03T14:30,Stadionul Regie,Etapa 1,0:1
Liga 1,Pandurii Târgu Jiu,Unirea Urziceni,2010-07-03T16:00,Stadionul Municipal Tudor Vladimirescu,Etapa 1,0:0
Liga 1,Rapid Bucuresti,FC Vaslui,2010-07-03T18:30,Stadionul Giulești-Valentin Stănescu,Etapa 1,2:0
Liga 1,FC U Craiova 1948,CFR Cluj,2010-07-04T16:00,Stadionul Ion Oblemenco,Etapa 1,0:0
Liga 1,Poli Timisoara,Gloria Bistrita,2010-07-04T18:30,Stadionul Dan Păltinișanu,Etapa 1,2:2
Liga 1,Universitatea Cluj,FCSB,2010-07-05T16:00,Stadionul Cetate,Etapa 1,1:2
Liga 1,Astra Giurgiu,Dinamo Bucuresti,2010-07-05T19:00,Stadionul Astra,Etapa 1,1:2
Liga 1,FCM Târgu Mureș,FC Brasov,2010-07-06T16:00,Stadionul Trans-Sil,Etapa 1,0:1
Liga 1,Victoria Branesti,Gaz Metan Medias,2010-07-06T18:30,Stadionul Victoria Brănești,Etapa 1,2:3
Liga 1,Otelul Galati,Pandurii Târgu Jiu,2010-07-30T16:00,Stadionul Oțelul,Etapa 2,2:0
Liga 1,FC Vaslui,FCM Târgu Mureș,2010-07-30T18:30,Stadionul Municipal Vaslui,Etapa 2,1:1
Liga 1,Gloria Bistrita,Astra Giurgiu,2010-07-01T16:00,Stadionul Gloria,Etapa 2,1:1
Liga 1,FCSB,FC U Craiova 1948,2010-07-01T18:00,Stadionul Steaua,Etapa 2,2:1
Liga 1,Unirea Urziceni,Rapid Bucuresti,2010-07-01T20:00,Stadionul Tineretului,Etapa 2,0:0
Liga 1,Gaz Metan Medias,Poli Timisoara,2010-08-01T15:00,Stadionul Gaz Metan,Etapa 2,2:2
Liga 1,FC Brasov,Universitatea Cluj,2010-08-01T17:00,Stadionul Silviu Ploeșteanu,Etapa 2,3:1
Liga 1,Dinamo Bucuresti,Sportul Studentesc,2010-08-01T19:00,Stadionul Dinamo,Etapa 2,5:3
Liga 1,CFR Cluj,Victoria Branesti,2010-08-02T18:30,Stadionul Dr. Constantin Rădulescu,Etapa 2,2:0
Liga 1,Universitatea Cluj,FC Vaslui,2010-08-06T16:00,Stadionul Cetate,Etapa 3,1:1
Liga 1,Rapid Bucuresti,Otelul Galati,2010-08-06T18:00,Stadionul Giulești-Valentin Stănescu,Etapa 3,0:0
Liga 1,Victoria Branesti,FC U Craiova 1948,2010-08-06T19:45,Stadionul Victoria Brănești,Etapa 3,1:0
Liga 1,FCM Târgu Mureș,Unirea Urziceni,2010-08-07T16:00,Stadionul Trans-Sil,Etapa 3,1:0
Liga 1,FC Brasov,FCSB,2010-08-07T19:00,Stadionul Silviu Ploeșteanu,Etapa 3,1:1
Liga 1,Astra Giurgiu,Gaz Metan Medias,2010-08-08T16:00,Stadionul Astra,Etapa 3,0:2
Liga 1,Poli Timisoara,CFR Cluj,2010-08-08T18:00,Stadionul Dan Păltinișanu,Etapa 3,3:2
Liga 1,Pandurii Târgu Jiu,Dinamo Bucuresti,2010-08-08T19:45,Stadionul Municipal Tudor Vladimirescu,Etapa 3,2:2
Liga 1,Sportul Studentesc,Gloria Bistrita,2010-08-09T16:00,Stadionul Regie,Etapa 3,4:2
Liga 1,CFR Cluj,Astra Giurgiu,2010-08-03T18:00,Stadionul Dr. Constantin Rădulescu,Etapa 4,2:2
Liga 1,Gloria Bistrita,Pandurii Târgu Jiu,2010-08-03T20:00,Stadionul Gloria,Etapa 4,3:0
Liga 1,Unirea Urziceni,Universitatea Cluj,2010-08-04T16:30,Stadionul Tineretului,Etapa 4,0:1
Liga 1,FC Vaslui,FC Brasov,2010-08-04T18:30,Stadionul Municipal Vaslui,Etapa 4,2:1
Liga 1,Gaz Metan Medias,Sportul Studentesc,2010-08-05T16:00,Stadionul Gaz Metan,Etapa 4,3:0
Liga 1,Dinamo Bucuresti,Rapid Bucuresti,2010-08-05T18:00,Stadionul Dinamo,Etapa 4,3:2
Liga 1,FC U Craiova 1948,Poli Timisoara,2010-08-05T20:00,Stadionul Ion Oblemenco,Etapa 4,1:1
Liga 1,Otelul Galati,FCM Târgu Mureș,2010-08-06T16:00,Stadionul Oțelul,Etapa 4,1:0
Liga 1,FCSB,Victoria Branesti,2010-08-06T18:30,Stadionul Steaua,Etapa 4,2:1
Liga 1,Sportul Studentesc,CFR Cluj,2010-08-20T16:00,Stadionul Regie,Etapa 5,3:0
Liga 1,Rapid Bucuresti,Gloria Bistrita,2010-08-20T18:30,Stadionul Giulești-Valentin Stănescu,Etapa 5,2:0
Liga 1,FCM Târgu Mureș,Dinamo Bucuresti,2010-08-01T16:00,Stadionul Trans-Sil,Etapa 5,2:6
Liga 1,Astra Giurgiu,FC U Craiova 1948,2010-08-01T18:00,Stadionul Astra,Etapa 5,2:2
Liga 1,Pandurii Târgu Jiu,Gaz Metan Medias,2010-08-01T20:00,Stadionul Municipal Tudor Vladimirescu,Etapa 5,0:0
Liga 1,Universitatea Cluj,Otelul Galati,2010-08-02T16:00,Stadionul Cetate,Etapa 5,2:1
Liga 1,FC Vaslui,FCSB,2010-08-02T18:00,Stadionul Municipal Vaslui,Etapa 5,0:3
Liga 1,Poli Timisoara,Victoria Branesti,2010-08-02T20:00,Stadionul Dan Păltinișanu,Etapa 5,2:1
Liga 1,FC Brasov,Unirea Urziceni,2010-08-03T18:00,Stadionul Silviu Ploeșteanu,Etapa 5,1:1
Liga 1,Gaz Metan Medias,Rapid Bucuresti,2010-08-07T16:00,Stadionul Gaz Metan,Etapa 6,0:1
Liga 1,Dinamo Bucuresti,Universitatea Cluj,2010-08-07T18:30,Stadionul Dinamo,Etapa 6,3:4
Liga 1,FC U Craiova 1948,Sportul Studentesc,2010-08-08T17:00,Stadionul Ion Oblemenco,Etapa 6,1:0
Liga 1,CFR Cluj,Pandurii Târgu Jiu,2010-08-08T19:30,Stadionul Dr. Constantin Rădulescu,Etapa 6,2:1
Liga 1,Otelul Galati,FC Brasov,2010-08-09T16:00,Stadionul Oțelul,Etapa 6,1:0
Liga 1,FCSB,Poli Timisoara,2010-08-09T18:00,Stadionul Steaua,Etapa 6,1:1
Liga 1,Unirea Urziceni,FC Vaslui,2010-08-09T20:00,Stadionul Tineretului,Etapa 6,2:1
Liga 1,Gloria Bistrita,FCM Târgu Mureș,2010-08-30T18:00,Stadionul Gloria,Etapa 6,3:1
Liga 1,Victoria Branesti,Astra Giurgiu,2010-08-30T20:00,Stadionul Victoria Brănești,Etapa 6,1:1
Liga 1,Universitatea Cluj,Gloria Bistrita,2010-09-10T15:00,Stadionul Cetate,Etapa 7,2:1
Liga 1,Rapid Bucuresti,CFR Cluj,2010-09-10T18:30,Stadionul Giulești-Valentin Stănescu,Etapa 7,2:0
Liga 1,Sportul Studentesc,Victoria Branesti,2010-09-01T15:00,Stadionul Regie,Etapa 7,2:2
Liga 1,Unirea Urziceni,FCSB,2010-09-01T18:30,Stadionul Tineretului,Etapa 7,1:0
Liga 1,FCM Târgu Mureș,Gaz Metan Medias,2010-09-02T15:00,Stadionul Trans-Sil,Etapa 7,1:0
Liga 1,Astra Giurgiu,Poli Timisoara,2010-09-02T17:00,Stadionul Astra,Etapa 7,1:1
Liga 1,FC Brasov,Dinamo Bucuresti,2010-09-02T19:00,Stadionul Silviu Ploeșteanu,Etapa 7,2:2
Liga 1,FC Vaslui,Otelul Galati,2010-09-03T16:00,Stadionul Municipal Vaslui,Etapa 7,4:0
Liga 1,Pandurii Târgu Jiu,FC U Craiova 1948,2010-09-03T18:00,Stadionul Municipal Tudor Vladimirescu,Etapa 7,3:1
Liga 1,Gaz Metan Medias,Universitatea Cluj,2010-09-07T15:00,Stadionul Gaz Metan,Etapa 8,3:1
Liga 1,Victoria Branesti,Pandurii Târgu Jiu,2010-09-07T16:45,Stadionul Victoria Brănești,Etapa 8,2:0
Liga 1,FC U Craiova 1948,Rapid Bucuresti,2010-09-07T18:30,Stadionul Ion Oblemenco,Etapa 8,1:1
Liga 1,Otelul Galati,Unirea Urziceni,2010-09-08T15:00,Stadionul Oțelul,Etapa 8,4:1
Liga 1,Poli Timisoara,Sportul Studentesc,2010-09-08T19:00,Stadionul Dan Păltinișanu,Etapa 8,2:1
Liga 1,CFR Cluj,FCM Târgu Mureș,2010-09-09T16:00,Stadionul Dr. Constantin Rădulescu,Etapa 8,1:2
Liga 1,Dinamo Bucuresti,FC Vaslui,2010-09-09T18:30,Stadionul Dinamo,Etapa 8,1:2
Liga 1,Gloria Bistrita,FC Brasov,2010-09-20T16:00,Stadionul Gloria,Etapa 8,0:0
Liga 1,FCSB,Astra Giurgiu,2010-09-10T18:30,Stadionul Steaua,Etapa 8,1:1
Liga 1,Universitatea Cluj,CFR Cluj,2010-09-04T14:30,Stadionul Cetate,Etapa 9,1:1
Liga 1,FC Vaslui,Gloria Bistrita,2010-09-05T16:00,Stadionul Municipal Vaslui,Etapa 9,1:0
Liga 1,Sportul Studentesc,Astra Giurgiu,2010-09-06T12:30,Stadionul Regie,Etapa 9,0:1
Liga 1,Otelul Galati,FCSB,2010-09-06T14:30,Stadionul Oțelul,Etapa 9,1:0
Liga 1,Pandurii Târgu Jiu,Poli Timisoara,2010-09-06T16:30,Stadionul Municipal Tudor Vladimirescu,Etapa 9,0:1
Liga 1,Rapid Bucuresti,Victoria Branesti,2010-09-06T18:30,Stadionul Giulești-Valentin Stănescu,Etapa 9,7:1
Liga 1,FCM Târgu Mureș,FC U Craiova 1948,2010-09-07T14:00,Stadionul Trans-Sil,Etapa 9,1:4
Liga 1,FC Brasov,Gaz Metan Medias,2010-09-07T16:00,Stadionul Silviu Ploeșteanu,Etapa 9,0:0
Liga 1,Unirea Urziceni,Dinamo Bucuresti,2010-09-07T18:00,Stadionul Tineretului,Etapa 9,1:0
Liga 1,Astra Giurgiu,Pandurii Târgu Jiu,2010-10-01T14:30,Stadionul Astra,Etapa 10,2:0
Liga 1,FC U Craiova 1948,Universitatea Cluj,2010-10-01T16:30,Stadionul Ion Oblemenco,Etapa 10,3:0
Liga 1,Dinamo Bucuresti,Otelul Galati,2010-10-01T18:30,Stadionul Dinamo,Etapa 10,1:2
Liga 1,Gloria Bistrita,Unirea Urziceni,2010-10-02T16:00,Stadionul Gloria,Etapa 10,0:0
Liga 1,Poli Timisoara,Rapid Bucuresti,2010-10-02T18:30,Stadionul Dan Păltinișanu,Etapa 10,2:1
Liga 1,Gaz Metan Medias,FC Vaslui,2010-10-03T14:00,Stadionul Gaz Metan,Etapa 10,0:0
Liga 1,CFR Cluj,FC Brasov,2010-10-03T16:00,Stadionul Dr. Constantin Rădulescu,Etapa 10,4:0
Liga 1,FCSB,Sportul Studentesc,2010-10-03T18:00,Stadionul Steaua,Etapa 10,4:2
Liga 1,Victoria Branesti,FCM Târgu Mureș,2010-10-04T18:30,Stadionul Victoria Brănești,Etapa 10,0:0
Liga 1,Unirea Urziceni,Gaz Metan Medias,2010-10-05T16:00,Stadionul Tineretului,Etapa 11,0:1
Liga 1,Rapid Bucuresti,Astra Giurgiu,2010-10-05T18:15,Stadionul Giulești-Valentin Stănescu,Etapa 11,3:0
Liga 1,FC Vaslui,CFR Cluj,2010-10-05T20:00,Stadionul Municipal Vaslui,Etapa 11,5:3
Liga 1,FCM Târgu Mureș,Poli Timisoara,2010-10-06T13:00,Stadionul Trans-Sil,Etapa 11,2:3
Liga 1,Pandurii Târgu Jiu,Sportul Studentesc,2010-10-06T17:00,Stadionul Municipal Tudor Vladimirescu,Etapa 11,1:0
Liga 1,Otelul Galati,Gloria Bistrita,2010-10-07T13:00,Stadionul Oțelul,Etapa 11,2:1
Liga 1,Dinamo Bucuresti,FCSB,2010-10-07T18:30,Stadionul Dinamo,Etapa 11,2:1
Liga 1,Universitatea Cluj,Victoria Branesti,2010-10-08T13:00,Stadionul Cetate,Etapa 11,2:3
Liga 1,FC Brasov,FC U Craiova 1948,2010-10-08T18:30,Stadionul Silviu Ploeșteanu,Etapa 11,0:3
Liga 1,Victoria Branesti,FC Brasov,2010-10-02T14:30,Stadionul Victoria Brănești,Etapa 12,1:1
Liga 1,Poli Timisoara,Universitatea Cluj,2010-10-02T16:30,Stadionul Dan Păltinișanu,Etapa 12,2:2
Liga 1,Gloria Bistrita,Dinamo Bucuresti,2010-10-02T18:30,Stadionul Gloria,Etapa 12,0:2
Liga 1,Gaz Metan Medias,Otelul Galati,2010-10-03T13:00,Stadionul Gaz Metan,Etapa 12,0:2
Liga 1,Astra Giurgiu,FCM Târgu Mureș,2010-10-03T16:00,Stadionul Astra,Etapa 12,0:0
Liga 1,FC U Craiova 1948,FC Vaslui,2010-10-03T18:30,Stadionul Ion Oblemenco,Etapa 12,0:1
Liga 1,Sportul Studentesc,Rapid Bucuresti,2010-10-04T13:00,Stadionul Regie,Etapa 12,0:2
Liga 1,CFR Cluj,Unirea Urziceni,2010-10-04T18:00,Stadionul Dr. Constantin Rădulescu,Etapa 12,3:0
Liga 1,FCSB,Pandurii Târgu Jiu,2010-10-05T18:30,Stadionul Steaua,Etapa 12,2:0
Liga 1,FC Vaslui,Victoria Branesti,2010-10-09T16:30,Stadionul Municipal Vaslui,Etapa 13,1:0
Liga 1,Dinamo Bucuresti,Gaz Metan Medias,2010-10-09T18:30,Stadionul Dinamo,Etapa 13,3:2
Liga 1,Otelul Galati,CFR Cluj,2010-10-30T13:00,Stadionul Oțelul,Etapa 13,1:1
Liga 1,FCM Târgu Mureș,Sportul Studentesc,2010-10-01T13:00,Stadionul Trans-Sil,Etapa 13,4:1
Liga 1,Gloria Bistrita,FCSB,2010-10-01T17:30,Stadionul Gloria,Etapa 13,1:0
Liga 1,FC Brasov,Poli Timisoara,2010-10-01T19:30,Stadionul Silviu Ploeșteanu,Etapa 13,0:0
Liga 1,Universitatea Cluj,Astra Giurgiu,2010-11-01T13:00,Stadionul Cetate,Etapa 13,1:0
Liga 1,Unirea Urziceni,FC U Craiova 1948,2010-11-01T16:30,Stadionul Tineretului,Etapa 13,1:2
Liga 1,Rapid Bucuresti,Pandurii Târgu Jiu,2010-11-01T18:30,Stadionul Giulești-Valentin Stănescu,Etapa 13,1:1
Liga 1,Gaz Metan Medias,Gloria Bistrita,2010-11-05T16:00,Stadionul Gaz Metan,Etapa 14,2:1
Liga 1,FC U Craiova 1948,Otelul Galati,2010-11-05T18:30,Stadionul Ion Oblemenco,Etapa 14,0:1
Liga 1,Pandurii Târgu Jiu,FCM Târgu Mureș,2010-11-06T12:00,Stadionul Municipal Tudor Vladimirescu,Etapa 14,4:1
Liga 1,Astra Giurgiu,FC Brasov,2010-11-06T16:00,Stadionul Astra,Etapa 14,3:0
Liga 1,Poli Timisoara,FC Vaslui,2010-11-06T18:30,Stadionul Dan Păltinișanu,Etapa 14,2:1
Liga 1,Sportul Studentesc,Universitatea Cluj,2010-11-07T13:00,Stadionul Regie,Etapa 14,2:0
Liga 1,CFR Cluj,Dinamo Bucuresti,2010-11-07T19:00,Stadionul Dr. Constantin Rădulescu,Etapa 14,1:0
Liga 1,Victoria Branesti,Unirea Urziceni,2010-11-08T16:00,Stadionul Victoria Brănești,Etapa 14,4:1
Liga 1,Rapid Bucuresti,FCSB,2010-11-08T19:30,Stadionul Giulești-Valentin Stănescu,Etapa 14,0:0
Liga 1,Otelul Galati,Victoria Branesti,2010-11-02T13:00,Stadionul Oțelul,Etapa 15,1:1
Liga 1,FC Vaslui,Astra Giurgiu,2010-11-02T19:30,Stadionul Municipal Vaslui,Etapa 15,0:0
Liga 1,Universitatea Cluj,Pandurii Târgu Jiu,2010-11-03T13:00,Stadionul Cetate,Etapa 15,1:1
Liga 1,Unirea Urziceni,Poli Timisoara,2010-11-03T16:00,Stadionul Tineretului,Etapa 15,1:1
Liga 1,FC Brasov,Sportul Studentesc,2010-11-03T18:00,Stadionul Silviu Ploeșteanu,Etapa 15,2:0
Liga 1,FCM Târgu Mureș,Rapid Bucuresti,2010-11-04T13:00,Stadionul Trans-Sil,Etapa 15,1:0
Liga 1,FCSB,Gaz Metan Medias,2010-11-04T16:00,Stadionul Steaua,Etapa 15,0:1
Liga 1,Dinamo Bucuresti,FC U Craiova 1948,2010-11-04T18:45,Stadionul Dinamo,Etapa 15,2:2
Liga 1,Gloria Bistrita,CFR Cluj,2010-11-05T19:30,Stadionul Gloria,Etapa 15,0:3
Liga 1,Pandurii Târgu Jiu,FC Brasov,2010-11-09T13:00,Stadionul Municipal Tudor Vladimirescu,Etapa 16,2:1
Liga 1,CFR Cluj,Gaz Metan Medias,2010-11-09T17:45,Stadionul Dr. Constantin Rădulescu,Etapa 16,1:1
Liga 1,Rapid Bucuresti,Universitatea Cluj,2010-11-09T19:30,Stadionul Giulești-Valentin Stănescu,Etapa 16,3:0
Liga 1,FCM Târgu Mureș,FCSB,2010-11-20T13:00,Stadionul Trans-Sil,Etapa 16,0:1
Liga 1,FC U Craiova 1948,Gloria Bistrita,2010-11-20T18:00,Stadionul Ion Oblemenco,Etapa 16,1:2
Liga 1,Sportul Studentesc,FC Vaslui,2010-11-01T13:00,Stadionul Regie,Etapa 16,0:1
Liga 1,Poli Timisoara,Otelul Galati,2010-11-01T19:30,Stadionul Dan Păltinișanu,Etapa 16,2:0
Liga 1,Astra Giurgiu,Unirea Urziceni,2010-11-02T17:00,Stadionul Astra,Etapa 16,1:0
Liga 1,Victoria Branesti,Dinamo Bucuresti,2010-11-02T19:30,Stadionul Victoria Brănești,Etapa 16,2:4
Liga 1,Unirea Urziceni,Sportul Studentesc,2010-11-06T17:00,Stadionul Tineretului,Etapa 17,2:1
Liga 1,FC Vaslui,Pandurii Târgu Jiu,2010-11-06T19:30,Stadionul Municipal Vaslui,Etapa 17,3:1
Liga 1,Otelul Galati,Astra Giurgiu,2010-11-07T13:00,Stadionul Oțelul,Etapa 17,2:1
Liga 1,FC Brasov,Rapid Bucuresti,2010-11-07T18:30,Stadionul Silviu Ploeșteanu,Etapa 17,2:0
Liga 1,Dinamo Bucuresti,Poli Timisoara,2010-11-07T20:45,Stadionul Dinamo,Etapa 17,0:0
Liga 1,Universitatea Cluj,FCM Târgu Mureș,2010-11-08T13:00,Stadionul Cetate,Etapa 17,1:1
Liga 1,FCSB,CFR Cluj,2010-11-08T20:00,Stadionul Steaua,Etapa 17,2:2
Liga 1,Gloria Bistrita,Victoria Branesti,2010-11-09T16:00,Stadionul Gloria,Etapa 17,1:0
Liga 1,Gaz Metan Medias,FC U Craiova 1948,2010-11-09T18:00,Stadionul Gaz Metan,Etapa 17,1:0
Liga 1,Gaz Metan Medias,Victoria Branesti,2010-12-03T16:00,Stadionul Gaz Metan,Etapa 18,2:2
Liga 1,FC Brasov,FCM Târgu Mureș,2010-12-03T17:45,Stadionul Silviu Ploeșteanu,Etapa 18,1:1
Liga 1,CFR Cluj,FC U Craiova 1948,2010-12-03T19:30,Stadionul Dr. Constantin Rădulescu,Etapa 18,2:1
Liga 1,Gloria Bistrita,Poli Timisoara,2010-12-04T17:00,Stadionul Gloria,Etapa 18,3:3
Liga 1,Dinamo Bucuresti,Astra Giurgiu,2010-12-04T19:30,Stadionul Dinamo,Etapa 18,2:2
Liga 1,Otelul Galati,Sportul Studentesc,2010-12-05T12:00,Stadionul Oțelul,Etapa 18,1:0
Liga 1,FC Vaslui,Rapid Bucuresti,2010-12-05T19:30,Stadionul Municipal Vaslui,Etapa 18,1:1
Liga 1,Unirea Urziceni,Pandurii Târgu Jiu,2010-12-06T17:00,Stadionul Tineretului,Etapa 18,1:1
Liga 1,FCSB,Universitatea Cluj,2010-12-06T19:30,Stadionul Steaua,Etapa 18,3:0
Liga 1,Pandurii Târgu Jiu,Otelul Galati,2011-02-05T13:30,Stadionul Municipal Tudor Vladimirescu,Etapa 19,0:3
Liga 1,Rapid Bucuresti,Unirea Urziceni,2011-02-05T19:30,Stadionul Giulești-Valentin Stănescu,Etapa 19,1:0
Liga 1,Sportul Studentesc,Dinamo Bucuresti,2011-02-06T13:30,Stadionul Regie,Etapa 19,0:1
Liga 1,Poli Timisoara,Gaz Metan Medias,2011-02-06T18:00,Stadionul Dan Păltinișanu,Etapa 19,3:1
Liga 1,Universitatea Cluj,FC Brasov,2011-02-07T13:00,Stadionul Cetate,Etapa 19,1:1
Liga 1,Victoria Branesti,CFR Cluj,2011-02-07T15:00,Stadionul Victoria Brănești,Etapa 19,1:1
Liga 1,FC U Craiova 1948,FCSB,2011-02-07T19:30,Stadionul Ion Oblemenco,Etapa 19,0:1
Liga 1,FCM Târgu Mureș,FC Vaslui,2011-02-08T13:30,Stadionul Trans-Sil,Etapa 19,0:2
Liga 1,Astra Giurgiu,Gloria Bistrita,2011-02-08T17:00,Stadionul Astra,Etapa 19,1:0
Liga 1,Unirea Urziceni,FCM Târgu Mureș,2011-03-04T17:00,Stadionul Tineretului,Etapa 20,0:1
Liga 1,Dinamo Bucuresti,Pandurii Târgu Jiu,2011-03-04T19:30,Stadionul Dinamo,Etapa 20,2:2
Liga 1,Otelul Galati,Rapid Bucuresti,2011-03-05T13:30,Stadionul Oțelul,Etapa 20,1:0
Liga 1,Gloria Bistrita,Sportul Studentesc,2011-03-05T16:00,Stadionul Gloria,Etapa 20,1:0
Liga 1,CFR Cluj,Poli Timisoara,2011-03-05T18:00,Stadionul Dr. Constantin Rădulescu,Etapa 20,1:2
Liga 1,Gaz Metan Medias,Astra Giurgiu,2011-03-06T15:00,Stadionul Gaz Metan,Etapa 20,0:0
Liga 1,FCSB,FC Brasov,2011-03-06T19:00,Stadionul Steaua,Etapa 20,0:3
Liga 1,FC U Craiova 1948,Victoria Branesti,2011-03-07T17:00,Stadionul Ion Oblemenco,Etapa 20,1:1
Liga 1,FC Vaslui,Universitatea Cluj,2011-03-07T19:30,Stadionul Municipal Vaslui,Etapa 20,2:0
Liga 1,Pandurii Târgu Jiu,Gloria Bistrita,2011-03-01T14:00,Stadionul Municipal Tudor Vladimirescu,Etapa 21,0:0
Liga 1,Victoria Branesti,FCSB,2011-03-01T19:30,Stadionul Victoria Brănești,Etapa 21,0:1
Liga 1,Universitatea Cluj,Unirea Urziceni,2011-03-02T13:00,Stadionul Cetate,Etapa 21,4:2
Liga 1,FCM Târgu Mureș,Otelul Galati,2011-03-02T14:45,Stadionul Trans-Sil,Etapa 21,1:0
Liga 1,Rapid Bucuresti,Dinamo Bucuresti,2011-03-02T19:00,Stadionul Giulești-Valentin Stănescu,Etapa 21,0:0
Liga 1,Sportul Studentesc,Gaz Metan Medias,2011-03-03T13:00,Stadionul Regie,Etapa 21,0:1
Liga 1,Poli Timisoara,FC U Craiova 1948,2011-03-03T16:00,Stadionul Dan Păltinișanu,Etapa 21,4:0
Liga 1,Astra Giurgiu,CFR Cluj,2011-03-04T15:00,Stadionul Astra,Etapa 21,1:1
Liga 1,FC Brasov,FC Vaslui,2011-03-04T18:30,Stadionul Silviu Ploeșteanu,Etapa 21,1:1
Liga 1,Gaz Metan Medias,Pandurii Târgu Jiu,2011-03-08T14:30,Stadionul Gaz Metan,Etapa 22,2:0
Liga 1,Victoria Branesti,Poli Timisoara,2011-03-08T16:30,Stadionul Victoria Brănești,Etapa 22,0:2
Liga 1,Gloria Bistrita,Rapid Bucuresti,2011-03-08T18:30,Stadionul Gloria,Etapa 22,3:2
Liga 1,Otelul Galati,Universitatea Cluj,2011-03-09T13:00,Stadionul Oțelul,Etapa 22,3:0
Liga 1,FCSB,FC Vaslui,2011-03-09T18:30,Stadionul Steaua,Etapa 22,1:1
Liga 1,CFR Cluj,Sportul Studentesc,2011-03-20T14:00,Stadionul Dr. Constantin Rădulescu,Etapa 22,2:0
Liga 1,FC U Craiova 1948,Astra Giurgiu,2011-03-20T16:00,Stadionul Ion Oblemenco,Etapa 22,1:1
Liga 1,Dinamo Bucuresti,FCM Târgu Mureș,2011-03-20T18:00,Stadionul Dinamo,Etapa 22,4:1
Liga 1,Unirea Urziceni,FC Brasov,2011-03-01T18:30,Stadionul Tineretului,Etapa 22,1:1
Liga 1,Astra Giurgiu,Victoria Branesti,2011-04-01T13:00,Stadionul Astra,Etapa 23,2:0
Liga 1,FC Vaslui,Unirea Urziceni,2011-04-01T15:00,Stadionul Municipal Vaslui,Etapa 23,2:0
Liga 1,FC Brasov,Otelul Galati,2011-04-01T16:45,Stadionul Silviu Ploeșteanu,Etapa 23,1:0
Liga 1,Universitatea Cluj,Dinamo Bucuresti,2011-04-01T18:30,Stadionul Cetate,Etapa 23,2:1
Liga 1,FCM Târgu Mureș,Gloria Bistrita,2011-04-02T13:00,Stadionul Trans-Sil,Etapa 23,2:0
Liga 1,Sportul Studentesc,FC U Craiova 1948,2011-04-02T15:00,Stadionul Regie,Etapa 23,3:0
Liga 1,Poli Timisoara,FCSB,2011-04-02T17:30,Stadionul Dan Păltinișanu,Etapa 23,0:0
Liga 1,Pandurii Târgu Jiu,CFR Cluj,2011-04-03T15:00,Stadionul Municipal Tudor Vladimirescu,Etapa 23,2:1
Liga 1,Rapid Bucuresti,Gaz Metan Medias,2011-04-03T18:30,Stadionul Giulești-Valentin Stănescu,Etapa 23,2:1
Liga 1,Victoria Branesti,Sportul Studentesc,2011-04-05T14:00,Stadionul Victoria Brănești,Etapa 24,1:1
Liga 1,Gloria Bistrita,Universitatea Cluj,2011-04-05T16:00,Stadionul Gloria,Etapa 24,2:4
Liga 1,FCSB,Unirea Urziceni,2011-04-05T18:00,Stadionul Steaua,Etapa 24,5:0
Liga 1,Gaz Metan Medias,FCM Târgu Mureș,2011-04-06T12:00,Stadionul Gaz Metan,Etapa 24,0:0
Liga 1,Poli Timisoara,Astra Giurgiu,2011-04-06T14:00,Stadionul Dan Păltinișanu,Etapa 24,2:2
Liga 1,Otelul Galati,FC Vaslui,2011-04-06T15:30,Stadionul Oțelul,Etapa 24,0:0
Liga 1,Dinamo Bucuresti,FC Brasov,2011-04-06T18:00,Stadionul Dinamo,Etapa 24,2:1
Liga 1,FC U Craiova 1948,Pandurii Târgu Jiu,2011-04-07T17:30,Stadionul Ion Oblemenco,Etapa 24,0:2
Liga 1,CFR Cluj,Rapid Bucuresti,2011-04-07T19:30,Stadionul Dr. Constantin Rădulescu,Etapa 24,0:1
Liga 1,Unirea Urziceni,Otelul Galati,2011-04-09T13:00,Stadionul Tineretului,Etapa 25,0:3
Liga 1,FC Vaslui,Dinamo Bucuresti,2011-04-09T15:00,Stadionul Municipal Vaslui,Etapa 25,2:0
Liga 1,FC Brasov,Gloria Bistrita,2011-04-09T17:00,Stadionul Silviu Ploeșteanu,Etapa 25,0:1
Liga 1,Universitatea Cluj,Gaz Metan Medias,2011-04-09T19:00,Stadionul Cetate,Etapa 25,2:2
Liga 1,Pandurii Târgu Jiu,Victoria Branesti,2011-04-10T13:00,Stadionul Municipal Tudor Vladimirescu,Etapa 25,4:2
Liga 1,Sportul Studentesc,Poli Timisoara,2011-04-10T15:00,Stadionul Regie,Etapa 25,2:3
Liga 1,Astra Giurgiu,FCSB,2011-04-10T19:00,Stadionul Astra,Etapa 25,1:0
Liga 1,FCM Târgu Mureș,CFR Cluj,2011-04-01T15:00,Stadionul Trans-Sil,Etapa 25,0:0
Liga 1,Rapid Bucuresti,FC U Craiova 1948,2011-04-01T18:30,Stadionul Giulești-Valentin Stănescu,Etapa 25,0:0
Liga 1,Dinamo Bucuresti,Unirea Urziceni,2011-04-02T12:00,Stadionul Dinamo,Etapa 26,3:1
Liga 1,Gloria Bistrita,FC Vaslui,2011-04-02T18:30,Stadionul Gloria,Etapa 26,1:1
Liga 1,Astra Giurgiu,Sportul Studentesc,2011-04-03T13:30,Stadionul Astra,Etapa 26,1:0
Liga 1,Gaz Metan Medias,FC Brasov,2011-04-03T15:30,Stadionul Gaz Metan,Etapa 26,0:0
Liga 1,Poli Timisoara,Pandurii Târgu Jiu,2011-04-03T17:30,Stadionul Dan Păltinișanu,Etapa 26,2:2
Liga 1,FCSB,Otelul Galati,2011-04-03T19:30,Stadionul Steaua,Etapa 26,1:0
Liga 1,FC U Craiova 1948,FCM Târgu Mureș,2011-04-04T13:00,Stadionul Ion Oblemenco,Etapa 26,2:1
Liga 1,Victoria Branesti,Rapid Bucuresti,2011-04-04T15:00,Stadionul Victoria Brănești,Etapa 26,0:0
Liga 1,CFR Cluj,Universitatea Cluj,2011-04-04T18:30,Stadionul Dr. Constantin Rădulescu,Etapa 26,1:1
Liga 1,Unirea Urziceni,Gloria Bistrita,2011-04-05T18:30,Stadionul Tineretului,Etapa 27,2:1
Liga 1,Otelul Galati,Dinamo Bucuresti,2011-04-06T12:00,Stadionul Oțelul,Etapa 27,3:3
Liga 1,Pandurii Târgu Jiu,Astra Giurgiu,2011-04-06T14:00,Stadionul Municipal Tudor Vladimirescu,Etapa 27,1:0
Liga 1,Sportul Studentesc,FCSB,2011-04-06T15:45,Stadionul Regie,Etapa 27,1:2
Liga 1,FCM Târgu Mureș,Victoria Branesti,2011-04-07T15:00,Stadionul Trans-Sil,Etapa 27,4:0
Liga 1,FC Brasov,CFR Cluj,2011-04-07T17:00,Stadionul Silviu Ploeșteanu,Etapa 27,2:2
Liga 1,Rapid Bucuresti,Poli Timisoara,2011-04-07T19:30,Stadionul Giulești-Valentin Stănescu,Etapa 27,3:2
Liga 1,Universitatea Cluj,FC U Craiova 1948,2011-04-08T16:00,Stadionul Cetate,Etapa 27,3:0
Liga 1,FC Vaslui,Gaz Metan Medias,2011-04-08T18:30,Stadionul Municipal Vaslui,Etapa 27,3:0
Liga 1,Sportul Studentesc,Pandurii Târgu Jiu,2011-04-02T16:00,Stadionul Regie,Etapa 28,2:1
Liga 1,Astra Giurgiu,Rapid Bucuresti,2011-04-02T18:00,Stadionul Astra,Etapa 28,0:0
Liga 1,Victoria Branesti,Universitatea Cluj,2011-04-03T10:00,Stadionul Victoria Brănești,Etapa 28,0:2
Liga 1,CFR Cluj,FC Vaslui,2011-04-03T12:00,Stadionul Dr. Constantin Rădulescu,Etapa 28,1:0
Liga 1,Poli Timisoara,FCM Târgu Mureș,2011-04-03T15:00,Stadionul Dan Păltinișanu,Etapa 28,0:0
Liga 1,Gloria Bistrita,Otelul Galati,2011-04-04T14:00,Stadionul Gloria,Etapa 28,0:0
Liga 1,Gaz Metan Medias,Unirea Urziceni,2011-04-04T16:00,Stadionul Gaz Metan,Etapa 28,2:0
Liga 1,FC U Craiova 1948,FC Brasov,2011-04-04T18:30,Stadionul Ion Oblemenco,Etapa 28,1:2
Liga 1,FCSB,Dinamo Bucuresti,2011-04-05T18:30,Stadionul Steaua,Etapa 28,0:1
Liga 1,Rapid Bucuresti,Sportul Studentesc,2011-04-06T18:30,Stadionul Giulești-Valentin Stănescu,Etapa 29,0:1
Liga 1,FCM Târgu Mureș,Astra Giurgiu,2011-04-07T11:00,Stadionul Trans-Sil,Etapa 29,1:0
Liga 1,Unirea Urziceni,CFR Cluj,2011-04-07T13:00,Stadionul Tineretului,Etapa 29,1:3
Liga 1,FC Brasov,Victoria Branesti,2011-04-07T15:00,Stadionul Silviu Ploeșteanu,Etapa 29,1:0
Liga 1,FC Vaslui,FC U Craiova 1948,2011-04-07T17:00,Stadionul Municipal Vaslui,Etapa 29,2:1
Liga 1,Universitatea Cluj,Poli Timisoara,2011-04-07T19:00,Stadionul Cetate,Etapa 29,1:2
Liga 1,Dinamo Bucuresti,Gloria Bistrita,2011-04-08T12:00,Stadionul Dinamo,Etapa 29,3:0
Liga 1,Otelul Galati,Gaz Metan Medias,2011-04-08T14:00,Stadionul Oțelul,Etapa 29,2:2
Liga 1,Pandurii Târgu Jiu,FCSB,2011-04-08T18:30,Stadionul Municipal Tudor Vladimirescu,Etapa 29,1:1
Liga 1,Sportul Studentesc,FCM Târgu Mureș,2011-04-30T13:00,Stadionul Regie,Etapa 30,1:2
Liga 1,Victoria Branesti,FC Vaslui,2011-04-30T15:00,Stadionul Victoria Brănești,Etapa 30,1:3
Liga 1,Poli Timisoara,FC Brasov,2011-04-30T19:30,Stadionul Dan Păltinișanu,Etapa 30,2:0
Liga 1,FC U Craiova 1948,Unirea Urziceni,2011-05-01T12:00,Stadionul Ion Oblemenco,Etapa 30,3:0
Liga 1,Astra Giurgiu,Universitatea Cluj,2011-05-01T14:00,Stadionul Astra,Etapa 30,1:2
Liga 1,Pandurii Târgu Jiu,Rapid Bucuresti,2011-05-01T16:00,Stadionul Municipal Tudor Vladimirescu,Etapa 30,0:1
Liga 1,FCSB,Gloria Bistrita,2011-05-01T18:30,Stadionul Steaua,Etapa 30,3:1
Liga 1,Gaz Metan Medias,Dinamo Bucuresti,2011-05-02T16:30,Stadionul Gaz Metan,Etapa 30,2:1
Liga 1,CFR Cluj,Otelul Galati,2011-05-02T18:00,Stadionul Dr. Constantin Rădulescu,Etapa 30,0:1
Liga 1,Unirea Urziceni,Victoria Branesti,2011-05-04T12:30,Stadionul Tineretului,Etapa 31,2:1
Liga 1,FCM Târgu Mureș,Pandurii Târgu Jiu,2011-05-04T14:30,Stadionul Trans-Sil,Etapa 31,1:0
Liga 1,FC Brasov,Astra Giurgiu,2011-05-04T16:30,Stadionul Silviu Ploeșteanu,Etapa 31,0:3
Liga 1,FCSB,Rapid Bucuresti,2011-05-04T18:30,Stadionul Steaua,Etapa 31,0:1
Liga 1,Gloria Bistrita,Gaz Metan Medias,2011-05-05T13:30,Stadionul Gloria,Etapa 31,0:0
Liga 1,Universitatea Cluj,Sportul Studentesc,2011-05-05T15:30,Stadionul Cetate,Etapa 31,2:0
Liga 1,FC Vaslui,Poli Timisoara,2011-05-05T17:30,Stadionul Municipal Vaslui,Etapa 31,1:1
Liga 1,Otelul Galati,FC U Craiova 1948,2011-05-05T19:30,Stadionul Oțelul,Etapa 31,2:1
Liga 1,Dinamo Bucuresti,CFR Cluj,2011-05-06T18:20,Stadionul Dinamo,Etapa 31,1:2
Liga 1,Rapid Bucuresti,FCM Târgu Mureș,2011-05-07T19:00,Stadionul Giulești-Valentin Stănescu,Etapa 32,1:1
Liga 1,Sportul Studentesc,FC Brasov,2011-05-08T16:00,Stadionul Regie,Etapa 32,1:2
Liga 1,Pandurii Târgu Jiu,Universitatea Cluj,2011-05-08T18:00,Stadionul Municipal Tudor Vladimirescu,Etapa 32,2:0
Liga 1,Gaz Metan Medias,FCSB,2011-05-08T19:45,Stadionul Gaz Metan,Etapa 32,0:0
Liga 1,CFR Cluj,Gloria Bistrita,2011-05-09T12:00,Stadionul Dr. Constantin Rădulescu,Etapa 32,2:2
Liga 1,Victoria Branesti,Otelul Galati,2011-05-09T14:00,Stadionul Victoria Brănești,Etapa 32,1:2
Liga 1,Poli Timisoara,Unirea Urziceni,2011-05-09T16:00,Stadionul Dan Păltinișanu,Etapa 32,3:1
Liga 1,FC U Craiova 1948,Dinamo Bucuresti,2011-05-09T18:00,Stadionul Ion Oblemenco,Etapa 32,0:2
Liga 1,Astra Giurgiu,FC Vaslui,2011-05-09T19:45,Stadionul Astra,Etapa 32,1:1
Liga 1,Unirea Urziceni,Astra Giurgiu,2011-05-03T16:00,Stadionul Tineretului,Etapa 33,0:3
Liga 1,Gaz Metan Medias,CFR Cluj,2011-05-03T18:30,Stadionul Gaz Metan,Etapa 33,3:2
Liga 1,Universitatea Cluj,Rapid Bucuresti,2011-05-04T18:00,Stadionul Cetate,Etapa 33,1:2
Liga 1,FC Brasov,Pandurii Târgu Jiu,2011-05-05T14:00,Stadionul Silviu Ploeșteanu,Etapa 33,3:2
Liga 1,FC Vaslui,Sportul Studentesc,2011-05-05T16:00,Stadionul Municipal Vaslui,Etapa 33,4:2
Liga 1,Otelul Galati,Poli Timisoara,2011-05-05T18:00,Stadionul Oțelul,Etapa 33,2:1
Liga 1,Gloria Bistrita,FC U Craiova 1948,2011-05-06T16:00,Stadionul Gloria,Etapa 33,1:1
Liga 1,FCSB,FCM Târgu Mureș,2011-05-06T18:00,Stadionul Steaua,Etapa 33,1:0
Liga 1,Dinamo Bucuresti,Victoria Branesti,2011-05-06T19:45,Stadionul Dinamo,Etapa 33,3:1
Liga 1,FCM Târgu Mureș,Universitatea Cluj,2011-05-01T15:00,Stadionul Trans-Sil,Etapa 34,0:2
Liga 1,Pandurii Târgu Jiu,FC Vaslui,2011-05-01T15:00,Stadionul Municipal Tudor Vladimirescu,Etapa 34,0:1
Liga 1,Rapid Bucuresti,FC Brasov,2011-05-01T15:00,Stadionul Giulești-Valentin Stănescu,Etapa 34,1:0
Liga 1,CFR Cluj,FCSB,2011-05-01T15:00,Stadionul Dr. Constantin Rădulescu,Etapa 34,1:3
Liga 1,Victoria Branesti,Gloria Bistrita,2011-05-01T15:00,Stadionul Victoria Brănești,Etapa 34,2:0
Liga 1,FC U Craiova 1948,Gaz Metan Medias,2011-05-01T15:00,Stadionul Ion Oblemenco,Etapa 34,1:2
Liga 1,Poli Timisoara,Dinamo Bucuresti,2011-05-01T15:00,Stadionul Dan Păltinișanu,Etapa 34,4:1
Liga 1,Astra Giurgiu,Otelul Galati,2011-05-01T15:00,Stadionul Astra,Etapa 34,0:1
Liga 1,Sportul Studentesc,Unirea Urziceni,2011-05-01T15:00,Stadionul Regie,Etapa 34,5:1
